category,display_name,role,group,type
2d_animation,2D Animation,Unknown,Other,back_office
2d_artist,2D Artist,Unknown,Other,back_office
3d_animation,3D Animation,Unknown,Other,back_office
3d_artist,3D Artist,Unknown,Other,back_office
account_manager,Account Manager,Account manager,Sales & Marketing,back_office
accountant,Accountant,Finance,Finance,back_office
advertising,Advertising,Unknown,Other,back_office
affiliate_manager,Affiliate Manager,Marketing specialist,Sales & Marketing,back_office
android,Android,Mobile Native,Development,developer
angular,Angular,JS FE,Development,developer
architect,Software Architect,Unknown,Other,back_office
artist,2D/3D Artist / Illustrator,Unknown,Other,back_office
asic_design,ASIC / Chip Design,Unknown,Other,back_office
asp_net,ASP.NET,.NET,Development,developer
avionics,Avionics,Unknown,Other,back_office
blazor,Blazor,.NET,Development,developer
business_analyst,Business Analyst,BA,Management,back_office
business_development,Business Development,Unknown,Other,back_office
c,C,C,Development,developer
cbdo,Chief Business Development Officer (CBDO),CBDO,Executive,back_office
cco,Chief Commercial Officer (CCO),CCO,Executive,back_office
ceo,Chief Executive Officer (CEO),CEO,Executive,back_office
cfo,Chief Financial Officer (CFO),CFO,Executive,back_office
cio,Chief Information Officer (CIO),CIO,Executive,back_office
cmo,Chief Marketing Officer (CMO),CMO,Executive,back_office
content_design,Content Design / UX writer,Unknown,Other,back_office
content_manager,Content Manager,Copywriter,Sales & Marketing,back_office
content_marketing,Content Marketing,Marketing specialist,Sales & Marketing,back_office
content_writing,Content Writer / Copywriter / Editor,Copywriter,Sales & Marketing,back_office
coo,Chief Operating Officer (COO),COO,Executive,back_office
cplusplus,C / C++ / Embedded,Unknown,Other,back_office
cpo,Chief Product Officer (CPO),CPO,Executive,back_office
cpp,C++,C++,Development,developer
cso,Chief Security Officer (CSO),Unknown,Other,back_office
cto,CTO,CTO,Executive,back_office
data_analyst,Data Analyst,Data Scientist,Data & Analytics,developer
data_engineer,Data Engineer,Data Engineer,Data & Analytics,developer
data_science,Data Science,Data Scientist,Data & Analytics,developer
deftech,DefTech,Unknown,Other,back_office
delivery_manager,Delivery Manager,PM,Management,back_office
design,Design,Unknown,Other,back_office
dev_ops,DevOps,DevOps,DevOps & Infrastructure,developer
digital_marketing,Digital Marketing,Unknown,Other,back_office
digital_marketing_manager,Digital Marketing Manager,Unknown,Other,back_office
dotnet,C# / .NET,.NET,Development,developer
dotnet_cloud,Server & Cloud,Unknown,Other,back_office
dotnet_desktop,Desktop Apps,Unknown,Other,back_office
dotnet_gamedev,.NET Gamedev,Unknown,Other,back_office
dotnet_mobile,Mobile Apps,Unknown,Other,back_office
dotnet_web,Web Apps,Unknown,Other,back_office
drupal,Drupal,Unknown,Other,back_office
electronic_warfare,Electronic Warfare,Unknown,Other,back_office
embedded,Embedded,Embedded,Development,developer
engineering_manager,Engineering Manager,PM,Management,back_office
erp_systems,ERP Systems,Unknown,Other,back_office
finance_manager,Finance Manager,Finance,Finance,back_office
finances,Finances,Finance,Finance,back_office
financial_analyst,Financial Analyst,Finance,Finance,back_office
finops,FinOps,Unknown,Other,back_office
firmware,Firmware Engineer,Unknown,Other,back_office
flutter,Flutter,Mobile Hybrid,Development,developer
fpga,FPGA Engineer,Unknown,Other,back_office
fullstack,Fullstack,Fullstack,Development,developer
game_design,Game Design,Unknown,Other,back_office
game_developer,Game Developer,Unknown,Other,back_office
gamedev,Gamedev,Unknown,Other,back_office
golang,Golang,Go,Development,developer
graphic_design,Graphic Design,Graphic Designer,Design,developer
hardware,Hardware,Unknown,Other,back_office
hardware_engineer,Hardware Engineer,Unknown,Other,back_office
head_chief,Head / Chief,Head Chief,Executive,back_office
hr,HR,HR,Human Resources,back_office
illustrator,Illustrator,Graphic Designer,Design,developer
information_security,Information Security,Unknown,Other,back_office
ios,iOS,Mobile Native,Development,developer
java,Java,Java,Development,developer
javascript,JavaScript / Front-End,JS FE,Development,developer
laravel,Laravel,PHP,Development,developer
lead,Tech Leadership,Lead,Management,back_office
lead_generation,Lead Generation,Unknown,Other,back_office
level_design,Level Design,Unknown,Other,back_office
magento,Magento,PHP,Development,developer
marketing,Marketing,Marketing,Sales & Marketing,back_office
marketing_analyst,Marketing Analyst,Marketing specialist,Sales & Marketing,back_office
markup,Markup,Unknown,Other,back_office
maui,MAUI,.NET,Development,developer
media_buying,Media Buying,Marketing specialist,Sales & Marketing,back_office
military_software,Military Software / C4ISR,Unknown,Other,back_office
ml_ai,ML / AI,Data Scientist,Data & Analytics,developer
motion_design,Motion Design,Motion Designer,Design,developer
ms_dynamics,MS Dynamics / Business Central,Unknown,Other,back_office
node_js,Node.js,Node,Development,developer
odoo,Odoo,Unknown,Other,back_office
penetration_tester,Penetration Tester,Unknown,Other,back_office
performance_marketing,Performance Marketing,Unknown,Other,back_office
php,PHP,PHP,Development,developer
ppc,PPC,Unknown,Other,back_office
pr_manager,PR Manager,Marketing specialist,Sales & Marketing,back_office
product_design,Product Design,Unknown,Other,back_office
product_manager,Product Manager,PM,Management,back_office
product_owner,Product Owner,PM,Management,back_office
project_manager,Project Manager,PM,Management,back_office
python,Python,Python,Development,developer
qa,QA,QA,Quality Assurance,developer
qa_automation,QA Automation,AQA,Quality Assurance,developer
qa_hardware,QA Hardware / Embedded,Unknown,Other,back_office
qa_manual,QA Manual,QA Manual,Quality Assurance,developer
react,React.js,JS FE,Development,developer
react_native,React Native,Mobile Native,Development,developer
recruiter,Recruiter,Recruiter,Human Resources,back_office
rf_engineer,RF Engineer,Unknown,Other,back_office
robotics,Robotics Engineer,Unknown,Other,back_office
ruby,Ruby,Unknown,Other,back_office
rust,Rust,Unknown,Other,back_office
sales,Sales,Sales,Sales & Marketing,back_office
sales_leadership,Sales Leadership,Sales,Sales & Marketing,back_office
sales_manager,Sales Manager,Sales,Sales & Marketing,back_office
salesforce,Salesforce,Unknown,Other,back_office
sap,SAP,Unknown,Other,back_office
scala,Scala,Scala,Development,developer
scrum_master,Scrum Master / Agile Coach,PM,Management,back_office
security,Security,Security,Operations,back_office
security_analyst,Security Analyst,Unknown,Other,back_office
seo,SEO,Unknown,Other,back_office
social_media,Social Media,Unknown,Other,back_office
sql_dba,SQL / DBA,Unknown,Other,back_office
support,Customer/Technical Support,Support,Sales & Marketing,back_office
svelte,Svelte,JS FE,Development,developer
symfony,Symfony,PHP,Development,developer
sysadmin,Sysadmin,Sysadmin,IT Support,back_office
technical_writing,Technical Writing,Unknown,Other,back_office
uav_drone,UAV / Drone Engineer,Unknown,Other,back_office
uav_drone_pilot,UAV / Drone Pilot,Unknown,Other,back_office
ui_ux,UI/UX,UI/UX Designer,Design,developer
unity,Unity Developer,Unknown,Other,back_office
unreal,Unreal Developer,Unknown,Other,back_office
ux_research,UX Research,UI/UX Designer,Design,developer
vfx_artist,VFX Artist,Unknown,Other,back_office
video_editor,Video Editor,Unknown,Other,back_office
vue,Vue.js,JS FE,Development,developer
weapons_systems,Weapons Systems,Unknown,Other,back_office
winforms,WinForms,.NET,Development,developer
wordpress,WordPress,Unknown,Other,back_office
wpf,WPF,.NET,Development,developer
xamarin,Xamarin,Unknown,Other,back_office
yii,Yii,PHP,Development,developer
